,adult,backdrop_path,genre_ids,id,original_language,original_title,overview,popularity,poster_path,release_date,title,video,vote_average,vote_count,description,runtimes,genres,languages,production_companies,cast,votes
tt7097896,False,/eENEf62tMXbhyVvdcXlnQz2wcuT.jpg,"[878, 28]",580489,en,Venom: Let There Be Carnage,"After finding a host body in investigative reporter Eddie Brock, the alien symbiote must face a new enemy, Carnage, the alter ego of serial killer Cletus Kasady.",6242.42,/rjkmN1dniUHVYAtwuV3Tji7FsDO.jpg,2021-09-30,Venom: Let There Be Carnage,False,6.9,1412,"Eddie Brock struggles to adjust to his new life as the host of the alien symbiote Venom, which grants him super-human abilities in order to be a lethal vigilante. Brock attempts to reignite his career by interviewing serial killer Cletus Kasady, who becomes the host of the symbiote Carnage and escapes prison after a failed execution.",['97'],"['Action', 'Adventure', 'Sci-Fi', 'Thriller']",['English'],"[<Company id:0047120[http] name:_Marvel Entertainment_>, <Company id:0532247[http] name:_Pascal Pictures_>, <Company id:0026545[http] name:_Sony Pictures Entertainment_>]","[<Person id:0362766[http] name:_Tom Hardy_>, <Person id:0000437[http] name:_Woody Harrelson_>, <Person id:0931329[http] name:_Michelle Williams_>, <Person id:0365140[http] name:_Naomie Harris_>, <Person id:1169428[http] name:_Reid Scott_>, <Person id:0334318[http] name:_Stephen Graham_>, <Person id:0523742[http] name:_Peggy Lu_>, <Person id:0916442[http] name:_Sian Webber_>, <Person id:3382412[http] name:_Michelle Greenidge_>, <Person id:6154797[http] name:_Rob Bowen_>, <Person id:1736605[http] name:_Laurence Spellman_>, <Person id:3787576[http] name:_Little Simz_>, <Person id:7858011[http] name:_Jack Bandeira_>, <Person id:10695291[http] name:_Olumide Olorunfemi_>, <Person id:2883357[http] name:_Scroobius Pip_>, <Person id:2090270[http] name:_Amrou Al-Kadhi_>, <Person id:4198380[http] name:_Beau Sargent_>, <Person id:1016301[http] name:_Brian Copeland_>, <Person id:0991334[http] name:_Stewart Alexander_>, <Person id:7780301[http] name:_Sean Delaney_>, <Person id:4591704[http] name:_Ed Kear_>, <Person id:7248887[http] name:_Emma Lau_>, <Person id:4733647[http] name:_Louis j Rhone_>, <Person id:0324241[http] name:_Christopher Godwin_>, <Person id:12978843[http] name:_Tiffanie Thomas_>, <Person id:0135047[http] name:_Rocky Capella_>, <Person id:1995454[http] name:_Sam Robinson_>, <Person id:7233707[http] name:_Greg Lockett_>, <Person id:3966497[http] name:_Sonny Ashbourne Serkis_>, <Person id:4749446[http] name:_Otis Winston_>, <Person id:2342318[http] name:_Vaughn Johseph_>, <Person id:12978844[http] name:_Kristen Simoes_>, <Person id:10563670[http] name:_Miguel Angel Arreguin_>, <Person id:12978846[http] name:_Shaliz Afshar_>, <Person id:0790501[http] name:_Reece Shearsmith_>, <Person id:5250672[http] name:_Simon Connolly_>, <Person id:5564735[http] name:_Rachel Handshaw_>, <Person id:10608175[http] name:_Amanda Foster_>, <Person id:2009056[http] name:_Akie Kotabe_>, <Person id:8307076[http] name:_Eric Sigmundsson_>, <Person id:5516289[http] name:_Chabris Napier-Lawrence_>, <Person id:5045180[http] name:_Larry Olubamiwo_>, <Person id:8462585[http] name:_Jose Palma_>, <Person id:6747313[http] name:_Ashlen Aquila_>, <Person id:7310271[http] name:_Jamal Ajala_>, <Person id:12978847[http] name:_Che Amaro_>, <Person id:12727250[http] name:_Joshua Eldridge-Smith_>, <Person id:0545165[http] name:_Rosie Marcel_>, <Person id:6761471[http] name:_Elliot Cable_>, <Person id:4364362[http] name:_Rodrig Andrisan_>, <Person id:7722049[http] name:_William W. Barbour_>, <Person id:2573065[http] name:_Cabran E. Chamberlain_>, <Person id:12520457[http] name:_Ed Chidley_>, <Person id:11273348[http] name:_Erwin Felicilda_>, <Person id:9916443[http] name:_Ruth Horrocks_>, <Person id:10965185[http] name:_Skip Howland_>, <Person id:11276786[http] name:_Tony Hunt_>, <Person id:5252519[http] name:_Andrew Koponen_>, <Person id:4371183[http] name:_John Lobato_>, <Person id:8567957[http] name:_Kenny Lorenzetti_>, <Person id:1975399[http] name:_Obie Matthew_>, <Person id:8428671[http] name:_Sean Michael McGrory_>, <Person id:6094747[http] name:_Jason McNab_>, <Person id:9899206[http] name:_Christian Harris Neeman_>, <Person id:4726821[http] name:_Steve Warky Nunez_>, <Person id:9871432[http] name:_Mel Powell_>, <Person id:3764470[http] name:_Richard Price_>, <Person id:4516095[http] name:_Diezel Ramos_>, <Person id:2464921[http] name:_Jeff Redlick_>, <Person id:2426941[http] name:_Michael Andrew Reed_>, <Person id:5764200[http] name:_Rick Richardson_>, <Person id:3423317[http] name:_Frank Scozzari_>, <Person id:9245718[http] name:_Amber Sienna_>, <Person id:11881324[http] name:_Kieran Simon_>, <Person id:5755442[http] name:_Cynthia Naylor Smyth_>, <Person id:9378323[http] name:_Alfredo Tavares_>, <Person id:10548160[http] name:_Rachel Thurow_>, <Person id:4155339[http] name:_Etienne Vick_>, <Person id:6028958[http] name:_Jessie Vinning_>, <Person id:11406737[http] name:_Anastasia Zabarchuk_>]",50928.0
tt1160419,False,/eeijXm3553xvuFbkPFkDG6CLCbQ.jpg,"[28, 12, 18, 878]",438631,en,Dune,"Paul Atreides, a brilliant and gifted young man born into a great destiny beyond his understanding, must travel to the most dangerous planet in the universe to ensure the future of his family and his people. As malevolent forces explode into conflict over the planet's exclusive supply of the most precious resource in existence-a commodity capable of unlocking humanity's greatest potential-only those who can conquer their fear will survive.",5694.564,/d5NXSklXo0qyIYkgV94XAgMIckC.jpg,2021-09-15,Dune,False,8.0,3144,"A mythic and emotionally charged hero's journey, ""Dune"" tells the story of Paul Atreides, a brilliant and gifted young man born into a great destiny beyond his understanding, who must travel to the most dangerous planet in the universe to ensure the future of his family and his people. As malevolent forces explode into conflict over the planet's exclusive supply of the most precious resource in existence-a commodity capable of unlocking humanity's greatest potential-only those who can conquer their fear will survive.",['155'],"['Action', 'Adventure', 'Drama', 'Sci-Fi']","['English', 'Mandarin']","[<Company id:0002663[http] name:_Warner Bros._>, <Company id:0159111[http] name:_Legendary Entertainment_>, <Company id:0753601[http] name:_Villeneuve Films_>]","[<Person id:3154303[http] name:_Timothée Chalamet_>, <Person id:0272581[http] name:_Rebecca Ferguson_>, <Person id:1209966[http] name:_Oscar Isaac_>, <Person id:0597388[http] name:_Jason Momoa_>, <Person id:0001745[http] name:_Stellan Skarsgård_>, <Person id:0376610[http] name:_Stephen McKinley Henderson_>, <Person id:0000982[http] name:_Josh Brolin_>, <Person id:0000849[http] name:_Javier Bardem_>, <Person id:1004267[http] name:_Sharon Duncan-Brewster_>, <Person id:0151654[http] name:_Chang Chen_>, <Person id:1176985[http] name:_Dave Bautista_>, <Person id:2810287[http] name:_David Dastmalchian_>, <Person id:3918035[http] name:_Zendaya_>, <Person id:0001648[http] name:_Charlotte Rampling_>, <Person id:2129802[http] name:_Babs Olusanmokun_>, <Person id:7064768[http] name:_Benjamin Clémentine_>, <Person id:0267256[http] name:_Souad Faress_>, <Person id:0742929[http] name:_Golda Rosheuvel_>, <Person id:0950619[http] name:_Roger Yuan_>, <Person id:1351863[http] name:_Seun Shote_>, <Person id:0068430[http] name:_Neil Bell_>, <Person id:1302113[http] name:_Oliver Ryan_>, <Person id:3443226[http] name:_Stephen Collins_>, <Person id:4826554[http] name:_Charlie Rawes_>, <Person id:7360974[http] name:_Richard Carter_>, <Person id:4578564[http] name:_Ben Dilloway_>, <Person id:10661353[http] name:_Elmi Rashid Elmi_>, <Person id:2824089[http] name:_Tachia Newall_>, <Person id:7950698[http] name:_Gloria Obianyo_>, <Person id:8458059[http] name:_Fehinti Balogun_>, <Person id:12946877[http] name:_Dora Kápolnai-Schvab_>, <Person id:8834802[http] name:_Joelle_>, <Person id:7148976[http] name:_Jimmy Walker_>, <Person id:5620024[http] name:_Paul Bullion_>, <Person id:12946879[http] name:_Milena Sidorova_>, <Person id:2885966[http] name:_János Timkó_>, <Person id:0319638[http] name:_Jean Gilpin_>, <Person id:0265717[http] name:_Marianne Faithfull_>, <Person id:0239294[http] name:_Ellen Dubin_>, <Person id:7650793[http] name:_Károly Baksai_>, <Person id:7079491[http] name:_Björn Freiberg_>, <Person id:10348722[http] name:_Balázs Megyeri_>, <Person id:0621382[http] name:_Michael Nardone_>, <Person id:2010069[http] name:_Duncan Pow_>, <Person id:10482373[http] name:_Ferenc Iván Szabó_>, <Person id:10936824[http] name:_Laszlo Szilagyi_>, <Person id:10812821[http] name:_Peter Sztojanov Jr._>, <Person id:8490438[http] name:_István Áldott_>]",254929.0
tt10665338,False,/fuuZFPc8x6gQ8mLGoBp9vrmcQMT.jpg,"[27, 53]",610253,en,Halloween Kills,"Minutes after Laurie Strode, her daughter Karen and granddaughter Allyson left masked monster Michael Myers caged and burning in Laurie's basement, Laurie is rushed to the hospital with life-threatening injuries, believing she finally killed her lifelong tormentor. But when Michael manages to free himself from Laurie's trap, his ritual bloodbath resumes. As Laurie fights her pain and prepares to defend herself against him, she inspires all of Haddonfield to rise up against their unstoppable monster. The Strode women join a group of other survivors of Michael's first rampage who decide to take matters into their own hands, forming a vigilante mob that sets out to hunt Michael down, once and for all.",2705.498,/ir9eyz1mtgsohjvo7UYtqUfFuES.jpg,2021-10-14,Halloween Kills,False,7.1,990,"And the Halloween night when Michael Myers returned isn't over yet. Minutes after Laurie Strode (Curtis), her daughter Karen (Judy Greer) and granddaughter Allyson (Andi Matichak) left masked monster Michael Myers caged and burning in Laurie's basement, Laurie is rushed to the hospital with life-threatening injuries, believing she finally killed her lifelong tormentor. But when Michael manages to free himself from Laurie's trap, his ritual bloodbath resumes. As Laurie fights her pain and prepares to defend herself against him, she inspires all of Haddonfield to rise up against their unstoppable monster. The Strode women join a group of other survivors of Michael's first rampage who decide to take matters into their own hands, forming a vigilante mob that sets out to hunt Michael down, once and for all.",['105'],"['Horror', 'Thriller']",['English'],"[<Company id:0005073[http] name:_Universal Pictures_>, <Company id:0022594[http] name:_Miramax_>, <Company id:0098315[http] name:_Blumhouse Productions_>, <Company id:0005891[http] name:_Trancas International Films_>, <Company id:0815333[http] name:_Home Again Productions_>, <Company id:0291982[http] name:_Rough House Pictures_>]","[<Person id:0000130[http] name:_Jamie Lee Curtis_>, <Person id:0339460[http] name:_Judy Greer_>, <Person id:5506858[http] name:_Andi Matichak_>, <Person id:0183921[http] name:_James Jude Courtney_>, <Person id:0145309[http] name:_Nick Castle_>, <Person id:2653003[http] name:_Airon Armstrong_>, <Person id:0001599[http] name:_Will Patton_>, <Person id:3287038[http] name:_Thomas Mann_>, <Person id:3526993[http] name:_Jim Cummings_>, <Person id:4003553[http] name:_Dylan Arnold_>, <Person id:0519486[http] name:_Robert Longstreet_>, <Person id:0001309[http] name:_Anthony Michael Hall_>, <Person id:0194234[http] name:_Charles Cyphers_>, <Person id:2509902[http] name:_Scott MacArthur_>, <Person id:0567912[http] name:_Michael McDonald_>, <Person id:4661233[http] name:_Ross Bacon_>, <Person id:0724202[http] name:_Kyle Richards_>, <Person id:0827111[http] name:_Nancy Stephens_>, <Person id:3818686[http] name:_Diva Tyler_>, <Person id:0164873[http] name:_Lenny Clarke_>, <Person id:5371617[http] name:_Brian Mays_>, <Person id:6468805[http] name:_Michael Smallwood_>, <Person id:7835962[http] name:_Carmela McNeal_>, <Person id:0234174[http] name:_Omar J. Dorsey_>, <Person id:13008984[http] name:_Damien Lee_>, <Person id:11045301[http] name:_Salem Collins_>, <Person id:10971497[http] name:_Giselle Witt_>, <Person id:8493387[http] name:_J. Gaven Wilde_>, <Person id:0427407[http] name:_Tom Jones Jr._>, <Person id:1280272[http] name:_Colin Mahan_>, <Person id:5069643[http] name:_Trenell Mooring_>, <Person id:1490451[http] name:_Troy Rudeseal_>, <Person id:1501128[http] name:_Brian F. Durkin_>, <Person id:9121105[http] name:_Andrea Levesque_>, <Person id:9121104[http] name:_Arianna Levesque_>, <Person id:9121106[http] name:_Athena Levesque_>, <Person id:3523663[http] name:_Tristian Eggerling_>, <Person id:6734719[http] name:_Beth Felice_>, <Person id:11254517[http] name:_Mark Versnick_>, <Person id:6308164[http] name:_Jennifer Trudrung_>, <Person id:5902264[http] name:_Drew Scheid_>, <Person id:5079660[http] name:_Holli Saperstein_>, <Person id:8674999[http] name:_Jonathan Bruce_>, <Person id:11076654[http] name:_Mike Dupree_>, <Person id:13008986[http] name:_Naomi Ansano_>, <Person id:13008987[http] name:_Kelvin Hargrove_>, <Person id:0699425[http] name:_Nicholas Pryor_>, <Person id:1956087[http] name:_James Northrup_>, <Person id:0620529[http] name:_Elaine Nalee_>, <Person id:13008988[http] name:_Stephen Foertsch_>, <Person id:13008989[http] name:_Tatiyana Hill_>, <Person id:5932666[http] name:_Michael Mercaldi_>, <Person id:2803843[http] name:_Salem Murphy_>, <Person id:3771960[http] name:_Shayla Bagir_>, <Person id:8962517[http] name:_Shane Donovan Lewis_>, <Person id:11940224[http] name:_Jessica Arden Napier_>, <Person id:9973013[http] name:_Ella Dorsch_>, <Person id:2610597[http] name:_Ryan Lewis_>, <Person id:4881935[http] name:_Jacob Keohane_>, <Person id:9647598[http] name:_Charlie Benton_>, <Person id:13008990[http] name:_Christian Michael Pates_>, <Person id:5912332[http] name:_Willie Raysor_>, <Person id:13008991[http] name:_Lauren Williams_>, <Person id:13008992[http] name:_Aaron Ashlock_>, <Person id:13008993[http] name:_Angela Emerson_>, <Person id:0110810[http] name:_Drew Broderick_>, <Person id:13008994[http] name:_Ni'amoni Bagley_>, <Person id:13008995[http] name:_Jason Garay_>, <Person id:3254270[http] name:_Craig Newkirk_>, <Person id:9753946[http] name:_Jibrail Nantambu_>, <Person id:0001753[http] name:_P.J. Soles_>, <Person id:0644022[http] name:_Bob Odenkirk_>, <Person id:9858435[http] name:_Nick Andrews_>, <Person id:5897139[http] name:_Robert Ashmore_>, <Person id:7639459[http] name:_Omar Azimi_>, <Person id:6911209[http] name:_Dillon Belisle_>, <Person id:4721716[http] name:_Marc Bellinger_>, <Person id:5118219[http] name:_Lluvia Bermudez_>, <Person id:8328248[http] name:_Andy Bethea_>, <Person id:0082211[http] name:_Haluk Bilginer_>, <Person id:10523351[http] name:_Ron Blake_>, <Person id:6081803[http] name:_Rusty Burrow_>, <Person id:11088968[http] name:_Sophia Callisto_>, <Person id:7009175[http] name:_Kadrolsha Ona Carole_>, <Person id:9752504[http] name:_Zach Catanzareti_>, <Person id:10203542[http] name:_Joe Cranford_>, <Person id:6756549[http] name:_Billy Crowe_>, <Person id:10573826[http] name:_Keith D Dooley_>, <Person id:11008727[http] name:_Chris TC Edge_>, <Person id:10857746[http] name:_Chris Emrich_>, <Person id:11082650[http] name:_Sara Elizabeth Ezzell_>, <Person id:6769203[http] name:_Willie Tyrone Ferguson_>, <Person id:5155353[http] name:_Darin Ferraro_>, <Person id:6952062[http] name:_Robert Fortunato_>, <Person id:7353018[http] name:_Arthur E. Gibson Jr._>, <Person id:11059052[http] name:_Caleb Wayne Glover_>, <Person id:7819295[http] name:_Kris Gomez_>, <Person id:0353895[http] name:_Eliska Hahn_>, <Person id:2811864[http] name:_Robert Lee Harvey_>, <Person id:6717968[http] name:_LaTesha Hines_>, <Person id:6693968[http] name:_Chris Holloway_>, <Person id:10523342[http] name:_Michelle Huddleston_>, <Person id:5901322[http] name:_David A. Jackson_>, <Person id:10447193[http] name:_Tanya Jacobson_>, <Person id:10941707[http] name:_Isiah Jenkins_>, <Person id:11077201[http] name:_Kimberly_>, <Person id:0454725[http] name:_G. Peter King_>, <Person id:10990361[http] name:_Keeley Kollmann_>, <Person id:0477341[http] name:_Nancy Kyes_>, <Person id:12544152[http] name:_Mimi Marquis_>, <Person id:6406500[http] name:_Stephanie McIntyre_>, <Person id:12864433[http] name:_Hannah Michelle_>, <Person id:0602985[http] name:_Tony Moran_>, <Person id:11089183[http] name:_Cynthia Morris_>, <Person id:9920870[http] name:_Justin Oakley_>, <Person id:10814930[http] name:_Brandon Parker_>, <Person id:5588119[http] name:_David Pascua_>, <Person id:11403640[http] name:_Braxton Smith Patterson_>, <Person id:4568643[http] name:_Darrell Rackley_>, <Person id:4516095[http] name:_Diezel Ramos_>, <Person id:10405165[http] name:_Scott Rapp_>, <Person id:9158783[http] name:_Rachel M. Sharp_>, <Person id:9158785[http] name:_Ryan P. Sharp_>, <Person id:11059909[http] name:_LeTrell Sims_>, <Person id:8051678[http] name:_Bennett Tarr_>, <Person id:4522423[http] name:_AJ Taylor_>, <Person id:10916780[http] name:_Steve Torchio_>, <Person id:10720778[http] name:_Mark E Walters_>, <Person id:5478435[http] name:_Bryan Matthew Ward_>, <Person id:2819408[http] name:_Matthew Warzel_>, <Person id:11099132[http] name:_Michael John Workman_>, <Person id:4605939[http] name:_Niko El Santo Zavero_>]",49253.0
tt6264654,False,/8Y43POKjjKDGI9MH89NW0NAzzp8.jpg,"[35, 28, 12, 878]",550988,en,Free Guy,A bank teller called Guy realizes he is a background character in an open world video game called Free City that will soon go offline.,2638.991,/xmbU4JTUm8rsdtn7Y3Fcm30GpeT.jpg,2021-08-11,Free Guy,False,7.8,3309,,,,,,,
tt9742794,False,/eBGKU0ZLJmxtVtzESTB1mfllX1J.jpg,"[80, 28, 53]",630004,en,The Vault,"When an engineer learns of a mysterious, impenetrable fortress hidden under The Bank of Spain, he joins a crew of master thieves who plan to steal the legendary lost treasure locked inside while the whole country is distracted by Spain's World Cup Final. With thousands of soccer fans cheering in the streets, and security forces closing in, the crew have just minutes to pull off the score of a lifetime.",1984.489,/kWhXubAiIcHW0xn5GThflqaKZqh.jpg,2021-03-03,The Vault,False,7.0,368,"Thom, a genius engineering graduate is interested in the Bank of Spain's safe. The Bank building is more than 100 years old, with no building blueprints available and a security system that includes an underground river that will flood the safe room if their walls are breached. As soon as Thom learns that a legendary lost treasure is going to be held at the bank's safe for just 10 days, he devises, together with charismatic art dealer Walter ""Cunningham"" a detailed plan to breaking in. They will only have 105 minutes to do so, while the Bank's staff will be distracted, watching the 2010 Football World Cup final match , played by Spain's national football team and broadcast on a giant screen, coincidentally placed just in front of the Bank of Spain building.",['118'],"['Action', 'Thriller']","['English', 'Spanish', 'Italian', 'German']","[<Company id:0733175[http] name:_Ciudadano Ciskul_>, <Company id:0854713[http] name:_ESCine Español_>, <Company id:0733176[http] name:_El Tesoro de Drake AIE_>, <Company id:0598598[http] name:_Marrowbone_>, <Company id:0353843[http] name:_Mediaset España_>, <Company id:0702842[http] name:_Mediterraneo Media Entertainment_>, <Company id:0544623[http] name:_Movistar+_>, <Company id:0663623[http] name:_TF1 Studio_>, <Company id:0233257[http] name:_Telecinco Cinema_>, <Company id:0220355[http] name:_Think Studio_>]","[<Person id:0383603[http] name:_Freddie Highmore_>, <Person id:2793591[http] name:_Astrid Bergès-Frisbey_>, <Person id:0727165[http] name:_Sam Riley_>, <Person id:0192377[http] name:_Liam Cunningham_>, <Person id:0180580[http] name:_Jose Coronado_>, <Person id:0869088[http] name:_Luis Tosar_>, <Person id:0349427[http] name:_Emilio Gutiérrez Caba_>, <Person id:0825398[http] name:_Axel Stein_>, <Person id:0390486[http] name:_Daniel Holguín_>, <Person id:0000463[http] name:_Famke Janssen_>, <Person id:5982936[http] name:_James Giblin_>, <Person id:0275513[http] name:_Frank Feys_>, <Person id:4102772[http] name:_Fernando Martín_>, <Person id:0317875[http] name:_Vicente Gil_>, <Person id:12443704[http] name:_Bill Dixon_>, <Person id:1368769[http] name:_Reg Wilson_>, <Person id:4400838[http] name:_Julius Cotter_>, <Person id:1205160[http] name:_Craig Stevenson_>, <Person id:4488298[http] name:_Eric Goode_>, <Person id:11420900[http] name:_Chen Lu_>, <Person id:8137508[http] name:_Hunter Tremayne_>, <Person id:10641958[http] name:_Del Mar Richardson_>, <Person id:5661187[http] name:_David Chevers_>, <Person id:0225187[http] name:_Jacobo Dicenta_>, <Person id:1504068[http] name:_Ignacio Duran_>, <Person id:4257122[http] name:_Juan Capilla_>, <Person id:0215541[http] name:_Tomás del Estal_>, <Person id:0904963[http] name:_Julio Vélez_>, <Person id:5147592[http] name:_Fernando Moraleda_>, <Person id:12443706[http] name:_Pino Montesdeoca_>, <Person id:1785602[http] name:_Silvia de Pé_>, <Person id:2308095[http] name:_Joaquín Molla_>, <Person id:12443707[http] name:_Phillip Rogers_>, <Person id:8033738[http] name:_Ramón Robles_>, <Person id:4490145[http] name:_Josan Grau_>, <Person id:7529108[http] name:_Mario Mayo_>, <Person id:9052238[http] name:_Robert Crumpton_>, <Person id:5023954[http] name:_Juan Dávila_>, <Person id:2175212[http] name:_Simon Cohen_>, <Person id:0970337[http] name:_Ferran Terraza_>, <Person id:10460016[http] name:_Pepe Carrasco_>, <Person id:11786977[http] name:_Juan Pedro Roldán_>, <Person id:7723969[http] name:_Josean Guerrero_>, <Person id:12443705[http] name:_Ángel López Soto_>, <Person id:10758682[http] name:_Javier Garrido García_>]",18340.0
tt8404256,False,/aO9Nnv9GdwiPdkNO79TISlQ5bbG.jpg,"[28, 12]",568620,en,Snake Eyes: G.I. Joe Origins,"After saving the life of their heir apparent, tenacious loner Snake Eyes is welcomed into an ancient Japanese clan called the Arashikage where he is taught the ways of the ninja warrior. But, when secrets from his past are revealed, Snake Eyes' honor and allegiance will be tested – even if that means losing the trust of those closest to him.",1975.82,/uIXF0sQGXOxQhbaEaKOi2VYlIL0.jpg,2021-07-22,Snake Eyes: G.I. Joe Origins,False,6.9,760,"After saving the life of their heir apparent, tenacious loner Snake Eyes is welcomed into an ancient Japanese clan called the Arashikage where he is taught the ways of the ninja warrior. But, when secrets from his past are revealed, Snake Eyes' honor and allegiance will be tested - even if that means losing the trust of those closest to him.",['121'],"['Action', 'Adventure', 'Fantasy', 'Sci-Fi', 'Thriller']",['English'],"[<Company id:0023400[http] name:_Paramount Pictures_>, <Company id:0007143[http] name:_Metro-Goldwyn-Mayer (MGM)_>, <Company id:0152219[http] name:_Skydance Media_>, <Company id:0130376[http] name:_Hasbro_>, <Company id:0117723[http] name:_Di Bonaventura Pictures_>]","[<Person id:6525901[http] name:_Henry Golding_>, <Person id:4010671[http] name:_Andrew Koji_>, <Person id:2835835[http] name:_Haruka Abe_>, <Person id:3042346[http] name:_Takehiro Hira_>, <Person id:0410911[http] name:_Eri Ishida_>, <Person id:3299397[http] name:_Iko Uwais_>, <Person id:0579795[http] name:_Peter Mensah_>, <Person id:2216549[http] name:_Úrsula Corberó_>, <Person id:3034977[http] name:_Samara Weaving_>, <Person id:0278373[http] name:_Samuel Finzi_>, <Person id:0021247[http] name:_Steven Allerick_>, <Person id:9785431[http] name:_Max Archibald_>, <Person id:1777809[http] name:_Simon Chin_>, <Person id:6626663[http] name:_Derrick de Villiers_>, <Person id:8510721[http] name:_Kento Matsunami_>, <Person id:1620756[http] name:_James Hiroyuki Liao_>, <Person id:0849459[http] name:_Kenji Tanigaki_>, <Person id:6405890[http] name:_Dean Muhtadi_>, <Person id:1016503[http] name:_Sean Owen Roberts_>, <Person id:1832840[http] name:_Jason Day_>, <Person id:4123091[http] name:_Kojun Notsu_>, <Person id:5920462[http] name:_Neal Honda_>, <Person id:11093549[http] name:_Ryan Klarenbach_>, <Person id:2040746[http] name:_Owen Szabo_>, <Person id:3149715[http] name:_Brandon Melendy_>, <Person id:5302031[http] name:_Gui DaSilva-Greene_>, <Person id:3750462[http] name:_Solomon Brende_>, <Person id:12778234[http] name:_Samuel LeBrasseur_>, <Person id:0639586[http] name:_Hugh Aodh O'Brien_>, <Person id:0301339[http] name:_Michael Gaines_>, <Person id:2473601[http] name:_Paul Cheng_>, <Person id:8588168[http] name:_Calum Dench_>, <Person id:7982999[http] name:_Nicholas Dohy_>, <Person id:3942847[http] name:_Masashi Ishizuka_>, <Person id:9746047[http] name:_Shota Kakibata_>, <Person id:3973889[http] name:_Kasey Ryne Mazak_>]",26520.0
tt11125620,False,/wfrfxivLOBtGMC98tIr2LSOeKSe.jpg,"[16, 35, 10751]",639721,en,The Addams Family 2,The Addams get tangled up in more wacky adventures and find themselves involved in hilarious run-ins with all sorts of unsuspecting characters.,1793.852,/ld7YB9vBRp1GM1DT3KmFWSmtBPB.jpg,2021-10-01,The Addams Family 2,False,7.5,487,"Everyone's favorite spooky family is back in the animated comedy sequel, The Addams Family 2. In this all new movie we find Morticia and Gomez distraught that their children are growing up, skipping family dinners, and totally consumed with ""scream time."" To reclaim their bond they decide to cram Wednesday, Pugsley, Uncle Fester and the crew into their haunted camper and hit the road for one last miserable family vacation. Their adventure across America takes them out of their element and into hilarious run-ins with their iconic cousin, It, as well as many new kooky characters. What could possibly go wrong?",['93'],"['Animation', 'Adventure', 'Comedy', 'Family', 'Fantasy', 'Horror']","['English', 'Spanish', 'Latin']","[<Company id:0309252[http] name:_BRON Studios_>, <Company id:0199425[http] name:_BermanBraun_>, <Company id:0609239[http] name:_Bron Creative_>, <Company id:0574587[http] name:_Cinesite Animation_>, <Company id:0465018[http] name:_Creative Wealth Media Finance_>, <Company id:0794213[http] name:_Glickmania_>, <Company id:0007143[http] name:_Metro-Goldwyn-Mayer_>, <Company id:0516458[http] name:_The Jackal Group_>]","[<Person id:1209966[http] name:_Oscar Isaac_>, <Person id:0000234[http] name:_Charlize Theron_>, <Person id:1631269[http] name:_Chloë Grace Moretz_>, <Person id:9937520[http] name:_Javon 'Wanna' Walton_>, <Person id:1802209[http] name:_Nick Kroll_>, <Person id:0004879[http] name:_Snoop Dogg_>, <Person id:0000541[http] name:_Bette Midler_>, <Person id:0970447[http] name:_Conrad Vernon_>, <Person id:0352778[http] name:_Bill Hader_>, <Person id:0001728[http] name:_Wallace Shawn_>, <Person id:2273205[http] name:_Brian Sommer_>, <Person id:4232585[http] name:_Griffin Burns_>, <Person id:1057696[http] name:_Courtenay Taylor_>, <Person id:0263252[http] name:_Ted Evans_>, <Person id:0473873[http] name:_Cherami Leigh_>, <Person id:4171388[http] name:_Mary Faber_>, <Person id:12986287[http] name:_Ava Luna Floisand_>, <Person id:0695497[http] name:_Kyla Pratt_>, <Person id:2236836[http] name:_Charlet Takahashi Chung_>, <Person id:2010454[http] name:_Kyle Chapple_>, <Person id:4056962[http] name:_Peter James King III_>, <Person id:12986288[http] name:_Bryson Quinn_>, <Person id:3140015[http] name:_Joel Phillips_>]",5740.0
tt6079772,False,/4O40vu2KOgnFfxvrZgzBG6havQ.jpg,"[28, 80, 53]",645788,en,The Protégé,"Rescued as a child by the legendary assassin Moody and trained in the family business, Anna is the world’s most skilled contract killer. When Moody, the man who was like a father to her and taught her everything she needs to know about trust and survival, is brutally killed, Anna vows revenge. As she becomes entangled with an enigmatic killer whose attraction to her goes way beyond cat and mouse, their confrontation turns deadly and the loose ends of a life spent killing will weave themselves ever tighter.",1594.106,/o9FY8N5c8CXf22q8s4CmRRjAQJx.jpg,2021-08-19,The Protégé,False,6.8,308,,,,,,,
tt13884144,False,/7h5WAPAcUzOWpp2jrwHBB48790j.jpg,"[16, 28]",843241,ja,劇場版 七つの大罪 光に呪われし者たち,"With the help of the ""Dragon Sin of Wrath"" Meliodas and the worst rebels in history, the Seven Deadly Sins, the ""Holy War"", in which four races, including Humans, Goddesses, Fairies and Giants fought against the Demons, is finally over. At the cost of the ""Lion Sin of Pride"" Escanor's life, the Demon King was defeated and the world regained peace. After that, each of the Sins take their own path.",1195.318,/k0ThmZQl5nHe4JefC2bXjqtgYp0.jpg,2021-07-02,The Seven Deadly Sins: Cursed by Light,False,8.4,202,,,,,,,
tt9376612,False,/cinER0ESG0eJ49kXlExM0MEWGxW.jpg,"[28, 12, 14]",566525,en,Shang-Chi and the Legend of the Ten Rings,Shang-Chi must confront the past he thought he left behind when he is drawn into the web of the mysterious Ten Rings organization.,1174.122,/1BIoJGKbXjdFDAqUEiA2VHqkK1Z.jpg,2021-09-01,Shang-Chi and the Legend of the Ten Rings,False,7.7,1369,,,,,,,
tt13069986,False,/4vCh8R4yd6ybOmbxRAPOzaXmLTV.jpg,"[10749, 18]",744275,en,After We Fell,"Just as Tessa's life begins to become unglued, nothing is what she thought it would be. Not her friends nor her family. The only person that she should be able to rely on is Hardin, who is furious when he discovers the massive secret that she's been keeping. Before Tessa makes the biggest decision of her life, everything changes because of revelations about her family.",994.011,/3WfvjNWr5k1Zzww81b3GWc8KQhb.jpg,2021-09-01,After We Fell,False,7.4,556,,,,,,,
tt6932874,False,/akwg1s7hV5ljeSYFfkw7hTHjVqk.jpg,"[16, 35, 12, 10751]",459151,en,The Boss Baby: Family Business,The Templeton brothers — Tim and his Boss Baby little bro Ted — have become adults and drifted away from each other. But a new boss baby with a cutting-edge approach and a can-do attitude is about to bring them together again … and inspire a new family business.,986.883,/kv2Qk9MKFFQo4WQPaYta599HkJP.jpg,2021-07-01,The Boss Baby: Family Business,False,7.7,1567,,,,,,,
tt5433138,False,/fWjcUTKOKsAPK4VUAzEQW4kN4K6.jpg,"[28, 80, 53]",385128,en,F9,Dominic Toretto and his crew battle the most skilled assassin and high-performance driver they've ever encountered: his forsaken brother.,977.253,/bOFaAXmWWXC3Rbv4u4uM9ZSzRXP.jpg,2021-05-19,F9,False,7.4,4244,,,,,,,
tt10404944,False,/vkIJ2QgcKMJRvi6pBW4Tr2kgLdy.jpg,"[80, 53]",637534,fr,BAC Nord,"A police brigade working in the dangerous northern neighborhoods of Marseille, where the level of crime is higher than anywhere else in France.",975.015,/nLanxl7Xhfbd5s8FxPy8jWZw4rv.jpg,2021-08-18,The Stronghold,False,7.7,471,"2012. The northern districts of Marseille hold a sad record: the area with the highest crime rate in France. Driven by its hierarchy, the BAC Nord, a field brigade, constantly seeks to improve its results. In a high-risk sector, the cops adapt their methods, sometimes crossing the yellow line. Until the day the justice system turns against them .",['105'],"['Action', 'Crime', 'Thriller']",['French'],"[<Company id:0365291[http] name:_Chi-Fou-Mi Productions_>, <Company id:0047476[http] name:_StudioCanal_>, <Company id:0056755[http] name:_France 2 Cinéma_>, <Company id:0028557[http] name:_Canal+_>, <Company id:0346444[http] name:_Ciné+_>, <Company id:0125554[http] name:_France Télévisions_>, <Company id:0285148[http] name:_Région Provence-Alpes-Côte d'Azur_>, <Company id:0090290[http] name:_Centre national du cinéma et de l'image animée (CNC)_>, <Company id:0870424[http] name:_Le Pays de Martigues_>]","[<Person id:0500976[http] name:_Gilles Lellouche_>, <Person id:3588254[http] name:_Karim Leklou_>, <Person id:2476624[http] name:_François Civil_>, <Person id:2650819[http] name:_Adèle Exarchopoulos_>, <Person id:9860936[http] name:_Kenza Fortas_>, <Person id:0496285[http] name:_Cyril Lecomte_>, <Person id:1044641[http] name:_Michaël Abiteboul_>, <Person id:9860937[http] name:_Idir Azougli_>, <Person id:2884626[http] name:_Vincent Darmuzey_>, <Person id:0077873[http] name:_Jean-Yves Berteloot_>, <Person id:12868579[http] name:_Kaïs Amsis_>, <Person id:7624622[http] name:_Foued Nabba_>, <Person id:9860943[http] name:_Abdellah Khoulalene_>, <Person id:12868580[http] name:_Haïdy Khalil_>, <Person id:12868581[http] name:_Adel Boutouil_>, <Person id:12868582[http] name:_Yassine Chouana_>, <Person id:7525197[http] name:_Jacques Kounta_>, <Person id:12868583[http] name:_Mickael Sow_>, <Person id:0154320[http] name:_Sarah Chaumette_>, <Person id:0520170[http] name:_Pierre Lopez_>, <Person id:12868584[http] name:_Grégory Mandonato_>, <Person id:12868585[http] name:_The Grib's_>, <Person id:0544938[http] name:_Christophe Maratier_>, <Person id:12868586[http] name:_Fethi Boumali_>, <Person id:12868587[http] name:_Fabio Lucas_>, <Person id:12638054[http] name:_Laurent Donard_>, <Person id:9900270[http] name:_Julien Barousse_>, <Person id:4027061[http] name:_Céline Defay_>, <Person id:1002731[http] name:_José Heuzé_>, <Person id:4374048[http] name:_Xavier Alcan_>, <Person id:12446867[http] name:_Hannil Ghilas_>, <Person id:12868588[http] name:_Belkacem Kalai_>, <Person id:9717240[http] name:_Meleinda Elasfour_>, <Person id:12868589[http] name:_Ryad Amireche_>, <Person id:2478356[http] name:_Louis-Emmanuel Blanc_>, <Person id:8765916[http] name:_Sonia Buth_>, <Person id:3307805[http] name:_Anaïs Fabre_>, <Person id:3165902[http] name:_Sophie Garagnon_>, <Person id:0740825[http] name:_Jeanne Rosa_>, <Person id:2715213[http] name:_Gilbert Traïna_>, <Person id:7316147[http] name:_Jesuthasan Antonythasan_>]",5881.0
tt0870154,False,/7WJjFviFBffEJvkAms4uWwbcVUk.jpg,"[12, 14, 35, 28]",451048,en,Jungle Cruise,"Dr. Lily Houghton enlists the aid of wisecracking skipper Frank Wolff to take her down the Amazon in his dilapidated boat. Together, they search for an ancient tree that holds the power to heal – a discovery that will change the future of medicine.",893.244,/9dKCd55IuTT5QRs989m9Qlb7d2B.jpg,2021-07-28,Jungle Cruise,False,7.8,3067,"1916. Dreaming about saving countless lives and having another adventure, the feisty English feminist and doctor of botany, Dr Lily Houghton, embarks on a peril-laden mission to change the world. Along with her fashionable brother, MacGregor, Dr Houghton enlists the help of the arrogant, wisecracking riverboat skipper, Captain Frank Wolff, to guide them through the serpentine Amazon River in La Quila, his swift wooden boat. Now, as the intrepid trio ventures deeper and deeper into the heart of an impenetrable green maze, searching for something that cannot be found, a centuries-old curse and the ruthless aristocrat, Prince Joachim, threaten to put an end to their ambitious plans. And, sooner or later, the jungle always wins. Is it true that the Spanish conquistador, Don Aguirre, was lost in the same God-forsaken part of the world?",['127'],"['Action', 'Adventure', 'Comedy', 'Fantasy']","['English', 'German', 'Spanish', 'Italian', 'Tupi', 'French', 'Portuguese', 'Latin']","[<Company id:0022730[http] name:_Davis Entertainment_>, <Company id:0348357[http] name:_Flynn Picture Company_>, <Company id:0536392[http] name:_Seven Bucks Productions_>, <Company id:0420822[http] name:_TSG Entertainment_>, <Company id:0008970[http] name:_Walt Disney Pictures_>, <Company id:0330850[http] name:_Zaftig Films_>]","[<Person id:0425005[http] name:_Dwayne Johnson_>, <Person id:1289434[http] name:_Emily Blunt_>, <Person id:1183149[http] name:_Edgar Ramírez_>, <Person id:3099754[http] name:_Jack Whitehall_>, <Person id:0687146[http] name:_Jesse Plemons_>, <Person id:0316079[http] name:_Paul Giamatti_>, <Person id:1227481[http] name:_Veronica Falcón_>, <Person id:3657043[http] name:_Dani Rovira_>, <Person id:1273697[http] name:_Quim Gutiérrez_>, <Person id:6786824[http] name:_Dan Dargan Carter_>, <Person id:0638762[http] name:_Andy Nyman_>, <Person id:6004682[http] name:_Raphael Alejandro_>, <Person id:8224376[http] name:_Simone Lockhart_>, <Person id:2641841[http] name:_Pedro Lopez_>, <Person id:7004279[http] name:_Sulem Calderon_>, <Person id:3310717[http] name:_Sebastian Blunt_>, <Person id:0039327[http] name:_Mark Ashworth_>, <Person id:0691597[http] name:_Allan Poppleton_>, <Person id:9585131[http] name:_Caroline Paige_>, <Person id:0006786[http] name:_James Quattrochi_>, <Person id:2961388[http] name:_Stephen Dunlevy_>, <Person id:4415433[http] name:_Philipp Maximilian_>, <Person id:7044125[http] name:_Romualdo Castillo_>, <Person id:8281580[http] name:_Pedro Haro_>, <Person id:1413573[http] name:_Christina Souza_>, <Person id:2360398[http] name:_Michael H. Cole_>, <Person id:9559272[http] name:_Hector Banos_>, <Person id:3622307[http] name:_Peter Luis Zimmerman_>, <Person id:4121021[http] name:_Travis Gomez_>, <Person id:12793390[http] name:_Ismael Herrera_>, <Person id:1060447[http] name:_David Lengel_>, <Person id:6119252[http] name:_Justin Randell Brooke_>, <Person id:5008733[http] name:_Victoria Blade_>, <Person id:2349949[http] name:_Brooke Jaye Taylor_>, <Person id:2079627[http] name:_Vince Pisani_>, <Person id:9157627[http] name:_Piper Collins_>, <Person id:1080768[http] name:_Keith Arthur Bolden_>, <Person id:12793391[http] name:_Chip Steele_>, <Person id:3910494[http] name:_Ben Jenkin_>, <Person id:0661545[http] name:_David Paris_>, <Person id:0478985[http] name:_Kevin LaRosa_>, <Person id:3512708[http] name:_Max Calder_>, <Person id:4397893[http] name:_Jobe Allen_>, <Person id:12561278[http] name:_Al Saif Alshad_>, <Person id:1019674[http] name:_Sala Baker_>, <Person id:9735552[http] name:_James William Ballard_>, <Person id:0056458[http] name:_Pedro Barquin_>, <Person id:6127952[http] name:_Sharon M. Bell_>, <Person id:0072380[http] name:_Nick Benseman_>, <Person id:10656436[http] name:_Shane Berengue_>, <Person id:9324304[http] name:_Larry Blanks_>, <Person id:5573623[http] name:_Ryan Boz_>, <Person id:3906344[http] name:_Madeline Brumby_>, <Person id:6980280[http] name:_John David Bulla_>, <Person id:10182780[http] name:_Serge Burack Jr._>, <Person id:3483499[http] name:_Luis Burbano_>, <Person id:12373818[http] name:_James Burns_>, <Person id:9663972[http] name:_Met Clark_>, <Person id:8176720[http] name:_Marc Demeter_>, <Person id:5435577[http] name:_Mariama Diallo_>, <Person id:5592732[http] name:_Ryan Dinning_>, <Person id:10195477[http] name:_Nalehua'o Puna Donlin_>, <Person id:8445770[http] name:_Porter Drudge_>, <Person id:8166993[http] name:_Payson Durant_>, <Person id:11049726[http] name:_Lionel Fase_>, <Person id:2110101[http] name:_Faith Fay_>, <Person id:10367268[http] name:_Charles-Joseph Fisher_>, <Person id:10889389[http] name:_Tony Fontanez_>, <Person id:10020586[http] name:_Gavrielle Anne Fontanilla_>, <Person id:10195289[http] name:_Kylie Michele Fuller_>, <Person id:9916752[http] name:_Ely Garcia II_>, <Person id:10295705[http] name:_Daniel Giron_>, <Person id:3861569[http] name:_Stephan Goldbach_>, <Person id:6871281[http] name:_Brian Gonzalez_>, <Person id:3371502[http] name:_Jay Gutierrez_>, <Person id:1197250[http] name:_Josué Gutierrez_>, <Person id:9828775[http] name:_Clyde C Harris_>, <Person id:7949360[http] name:_Nicholas Ryan Hernandez_>, <Person id:3806374[http] name:_Tom Holowach_>, <Person id:7383710[http] name:_Jay D. Kacho_>, <Person id:3565460[http] name:_Ilana Kohanchi_>, <Person id:5970238[http] name:_Xavier Leblanc_>, <Person id:11212408[http] name:_Eufemio Longboy Jr._>, <Person id:7472654[http] name:_Roy Luke_>, <Person id:6102951[http] name:_Shawn McBride_>, <Person id:10162187[http] name:_Garrett M Miller_>, <Person id:8677076[http] name:_David R. Mitchell_>, <Person id:1621705[http] name:_Casey Nelson_>, <Person id:2374097[http] name:_Jason New_>, <Person id:3334646[http] name:_Keith Nussbaum_>, <Person id:4937591[http] name:_Emily Marie Palmer_>, <Person id:3339531[http] name:_Annika Pampel_>, <Person id:2373963[http] name:_Danny Pardo_>, <Person id:10091369[http] name:_Josiah Paul_>, <Person id:9864776[http] name:_Quintin Tyler Price_>, <Person id:8713842[http] name:_Henardo Rodriguez_>, <Person id:5472778[http] name:_Matt Rodriguez_>, <Person id:7166432[http] name:_James Siderits_>, <Person id:9497128[http] name:_Jaren Soto_>, <Person id:10539816[http] name:_Keekee Suki_>, <Person id:9963588[http] name:_Charles Surrett_>, <Person id:3851326[http] name:_Jason Szabo_>, <Person id:9378323[http] name:_Alfredo Tavares_>, <Person id:9990032[http] name:_Robert Tinsley_>, <Person id:10491024[http] name:_David Turner_>, <Person id:8144184[http] name:_Alexandra Velez_>, <Person id:6995244[http] name:_Ruben Vidal_>, <Person id:6936503[http] name:_Tom Vodnik_>, <Person id:5256233[http] name:_Wes Weems_>, <Person id:4914570[http] name:_Tanya Wheelock_>, <Person id:4367623[http] name:_Kevin D Wilson_>, <Person id:10978656[http] name:_Marn Zeeb_>]",118445.0
tt5012504,False,/q4h2ZbhHKhnWvrrqzcjT778zlbn.jpg,"[16, 878, 14, 28]",831405,en,Injustice,"When Lois Lane is killed, an unhinged Superman decides to take control of the Earth. Determined to stop him, Batman creates a team of freedom-fighting heroes. But when superheroes go to war, can the world survive?",859.781,/lNRdCfVcjLs2LhO1Vb5rgnHV4JW.jpg,2021-10-09,Injustice,False,8.0,304,"Who will stand against The Man Of Steel? When his world is shattered by tragic events set in motion by the diabolical Joker, Superman becomes hell-bent on enforcing peace.. at any cost. The Man of Steel begins a reign of tyranny that can only be stopped by one hero : Batman. The splintered Justice League divides it's ranks as the two former allies wage a deadly battle for freedom. In this alternate world of chaos, loyalties are tested, and the line between freind and foe blurs. Based on the critically acclaimed Video Games, and graphic novel, Injustice unleashes and all-out war fought by DC's mightiest. Can the world survive?",['78'],"['Animation', 'Action', 'Adventure', 'Drama', 'Fantasy', 'Sci-Fi']",['English'],"[<Company id:0072876[http] name:_Warner Bros. Animation_>, <Company id:0283444[http] name:_DC Entertainment_>]","[<Person id:1261997[http] name:_Justin Hartley_>, <Person id:0609845[http] name:_Anson Mount_>, <Person id:1154161[http] name:_Laura Bailey_>, <Person id:2642131[http] name:_Zach Callison_>, <Person id:1281932[http] name:_Brian T. Delaney_>, <Person id:7284951[http] name:_Brandon Micheal Hall_>, <Person id:1157771[http] name:_Andrew Morgado_>, <Person id:0388064[http] name:_Edwin Hodge_>, <Person id:0005029[http] name:_Oliver Hudson_>, <Person id:1843026[http] name:_Gillian Jacobs_>, <Person id:0523180[http] name:_Yuri Lowenthal_>, <Person id:2208749[http] name:_Derek Phillips_>, <Person id:0001629[http] name:_Kevin Pollak_>, <Person id:0741242[http] name:_Anika Noni Rose_>, <Person id:1169428[http] name:_Reid Scott_>, <Person id:0846687[http] name:_Faran Tahir_>, <Person id:0851317[http] name:_Fred Tatasciore_>, <Person id:1661282[http] name:_Janet Varney_>]",4507.0
tt8110232,False,/hrzoy8vvUrxQixOM11pwW9AX7Bu.jpg,"[80, 18]",524369,en,The Many Saints of Newark,"Young Anthony Soprano is growing up in one of the most tumultuous eras in Newark, N.J., history, becoming a man just as rival gangsters start to rise up and challenge the all-powerful DiMeo crime family. Caught up in the changing times is the uncle he idolizes, Dickie Moltisanti, whose influence over his nephew will help shape the impressionable teenager into the all-powerful mob boss, Tony Soprano.",849.267,/1UkbPQspPbq1FPbFP4VV1ELCfSN.jpg,2021-09-22,The Many Saints of Newark,False,6.8,165,"Young Anthony Soprano is growing up in one of the most tumultuous eras in Newark's history, becoming a man just as rival gangsters begin to rise up and challenge the all-powerful DiMeo crime family's hold over the increasingly race-torn city. Caught up in the changing times is the uncle he idolizes, Dickie Moltisanti, who struggles to manage both his professional and personal responsibilities and whose influence over his nephew will help make the impressionable teenager into the all-powerful mob boss we'll later come to know: Tony Soprano.",['120'],"['Crime', 'Drama']","['English', 'Italian', 'Latin']","[<Company id:0005072[http] name:_Chase Films_>, <Company id:0005861[http] name:_HBO Films_>, <Company id:0008693[http] name:_Home Box Office (HBO)_>, <Company id:0046718[http] name:_New Line Cinema_>, <Company id:0002663[http] name:_Warner Bros._>]","[<Person id:0005273[http] name:_Alessandro Nivola_>, <Person id:1502434[http] name:_Leslie Odom Jr._>, <Person id:0267812[http] name:_Vera Farmiga_>, <Person id:1256532[http] name:_Jon Bernthal_>, <Person id:1015684[http] name:_Corey Stoll_>, <Person id:0000501[http] name:_Ray Liotta_>, <Person id:8995141[http] name:_Michela De Rossi_>, <Person id:6408859[http] name:_Michael Gandolfini_>, <Person id:2915105[http] name:_Billy Magnussen_>, <Person id:1910274[http] name:_John Magaro_>, <Person id:0408284[http] name:_Michael Imperioli_>, <Person id:10561543[http] name:_Samson Moeakiola_>, <Person id:0224995[http] name:_Joey Diaz_>, <Person id:2537187[http] name:_Germar Terrell Gardner_>, <Person id:5066629[http] name:_Alexandra Intrator_>, <Person id:7394188[http] name:_Gabriella Piazza_>, <Person id:12339011[http] name:_Mason Bleu_>, <Person id:3569001[http] name:_Aaron Joshua_>, <Person id:0546671[http] name:_Lesli Margherita_>, <Person id:0051104[http] name:_Talia Balsam_>, <Person id:0441235[http] name:_Kathryn Kates_>, <Person id:0885014[http] name:_Nick Vallelonga_>, <Person id:0547544[http] name:_Ed Marinaro_>, <Person id:9626078[http] name:_William Ludwig_>, <Person id:6945050[http] name:_Mattea Conforti_>, <Person id:10829610[http] name:_Matteo Russo_>, <Person id:10776480[http] name:_Robert Vincent Montano_>, <Person id:5287755[http] name:_Chase Vacnin_>, <Person id:2694974[http] name:_Patina Miller_>, <Person id:4871651[http] name:_Rob Colletti_>, <Person id:9045333[http] name:_De'Jon Watts_>, <Person id:3484205[http] name:_Nick DeMatteo_>, <Person id:8362756[http] name:_Matt Grossman_>, <Person id:2018501[http] name:_Chris LaPanta_>, <Person id:4779905[http] name:_Patricia Squire_>, <Person id:2132755[http] name:_Amelia Fowler_>, <Person id:3014717[http] name:_Prema Cruz_>, <Person id:5658892[http] name:_Maliq Johnson_>, <Person id:12979750[http] name:_Sam Labovitz_>, <Person id:0249921[http] name:_Daryl Edwards_>, <Person id:5273863[http] name:_Matthew Elam_>, <Person id:4747999[http] name:_Angelo Anthony Pizza_>, <Person id:10114861[http] name:_Audrey Bennett_>, <Person id:12979751[http] name:_Nicola Gabriele_>, <Person id:5372946[http] name:_Spenser Granese_>, <Person id:5268612[http] name:_Michael Zegarski_>, <Person id:0442644[http] name:_Michael Kaves_>, <Person id:10776587[http] name:_Vinnie Costanza_>, <Person id:2167014[http] name:_Ian Unterman_>, <Person id:3987154[http] name:_Lizzy Plimpton_>, <Person id:0918219[http] name:_Erik Weiner_>, <Person id:3880670[http] name:_Alex Morf_>, <Person id:3635061[http] name:_Bryce Burke_>, <Person id:4691810[http] name:_Joel Boyd_>, <Person id:0949208[http] name:_William Youmans_>, <Person id:0689289[http] name:_Andrew Polk_>, <Person id:2711766[http] name:_Ohene Cornelius_>, <Person id:2113496[http] name:_Craig Geraghty_>, <Person id:12979752[http] name:_Nygel Bush_>, <Person id:5026682[http] name:_Carrie Compere_>, <Person id:1820954[http] name:_Oberon K.A. Adjepong_>, <Person id:9023441[http] name:_Lexie Foley_>, <Person id:8489593[http] name:_Phyllis Pastore_>, <Person id:0376759[http] name:_Tatienne Hendricks-Tellefsen_>, <Person id:2896733[http] name:_Ayodele Olatunji_>, <Person id:6244906[http] name:_CJ Fly_>, <Person id:6244904[http] name:_Dessy Hinds_>, <Person id:4658007[http] name:_Laurie Sheppard_>, <Person id:2237653[http] name:_Marianne Ferrari_>, <Person id:8574700[http] name:_Julian Lerner_>, <Person id:12406625[http] name:_Stella Chivee_>, <Person id:0888456[http] name:_Louis Vanaria_>, <Person id:7641219[http] name:_Latoya Edwards_>, <Person id:3357119[http] name:_John Borras_>, <Person id:8753278[http] name:_Jodi Capeless_>, <Person id:7307198[http] name:_Lauren DiMario_>, <Person id:10174908[http] name:_Harry Adam_>, <Person id:6344452[http] name:_Frantzdy Alexandre_>, <Person id:11344879[http] name:_Robert L. Anderson III_>, <Person id:6951981[http] name:_Xan Aspero_>, <Person id:4371227[http] name:_Marshall Axt_>, <Person id:10459308[http] name:_Lara Barbieri_>, <Person id:7273876[http] name:_Kevin D. Benton_>, <Person id:8763819[http] name:_Adrienne Brammer_>, <Person id:3678814[http] name:_Roger Brenner_>, <Person id:9380271[http] name:_Jamaal Burcher_>, <Person id:6517139[http] name:_Marko Caka_>, <Person id:5630678[http] name:_Johnny Calabro_>, <Person id:10724228[http] name:_Joey Catalano_>, <Person id:9616946[http] name:_Jake Cerny_>, <Person id:9471677[http] name:_Jim Coniglione_>, <Person id:7030874[http] name:_Alexander DeChino_>, <Person id:3157729[http] name:_Nick Denning_>, <Person id:6928525[http] name:_Scott Eliasoph_>, <Person id:8070375[http] name:_Bobby Favoretto_>, <Person id:10315444[http] name:_Timothy Foley_>, <Person id:8573126[http] name:_Quinn Fucci_>, <Person id:6285564[http] name:_Ryan Funigiello_>, <Person id:8501393[http] name:_Matthias Sebastiun Garry_>, <Person id:10472144[http] name:_James Glorioso Jr._>, <Person id:8175610[http] name:_Elle Graper_>, <Person id:10624960[http] name:_Jack Ronan Grindley_>, <Person id:5634305[http] name:_Diodato Grisi_>, <Person id:4537278[http] name:_Michael Wren Gucciardo_>, <Person id:10138761[http] name:_James P. Harkins_>, <Person id:2984105[http] name:_Andrew Haserlat_>, <Person id:10349505[http] name:_Matthew Iacono_>, <Person id:9985332[http] name:_Michael Iacono_>, <Person id:10991173[http] name:_Chase Jewell_>, <Person id:10309852[http] name:_Ciarcia John_>, <Person id:5545351[http] name:_Floyd Anthony Johns Jr._>, <Person id:7882161[http] name:_Sean Kilkenny_>, <Person id:10378424[http] name:_Melina Lanza_>, <Person id:10651142[http] name:_Reed Harlow-Grayce LaRocca_>, <Person id:11493427[http] name:_Nicholas LaRocco_>, <Person id:10802831[http] name:_Melanie Christine Leon-Soon_>, <Person id:4567881[http] name:_Rachael Ma_>, <Person id:10947479[http] name:_Eliana Maldonado_>, <Person id:7719847[http] name:_Kevin D. McGee_>, <Person id:3636697[http] name:_Sasha Morfaw_>, <Person id:6052098[http] name:_Stephen Moscatello_>, <Person id:9943649[http] name:_David Negri_>, <Person id:5184659[http] name:_David Palmieri_>, <Person id:2726714[http] name:_Mariana Parma_>, <Person id:9967090[http] name:_Bobbie Peterson_>, <Person id:0686236[http] name:_Lori Pizzo_>, <Person id:7865042[http] name:_Stephanie Purpuri_>, <Person id:2094029[http] name:_Suki Úna Rae_>, <Person id:5110245[http] name:_Jacopo Rampini_>, <Person id:12400418[http] name:_Michael Randazzese_>, <Person id:6303453[http] name:_GeNye Robinson_>, <Person id:3317072[http] name:_Germir Robinson_>, <Person id:4695925[http] name:_Milton Roy_>, <Person id:10213286[http] name:_Nathan Rudd_>, <Person id:10634409[http] name:_John Ruggiero_>, <Person id:9608495[http] name:_Andrea Ryan_>, <Person id:4781625[http] name:_Faron Salisbury_>, <Person id:9301942[http] name:_David M Sandoval Jr._>, <Person id:3671392[http] name:_Edward Sass III_>, <Person id:4255229[http] name:_Casondra Sass_>, <Person id:4445344[http] name:_Malinda Sass_>, <Person id:4246071[http] name:_Sabrina Sass_>, <Person id:6006902[http] name:_Danny Schoch_>, <Person id:8238283[http] name:_Jesse Schratz_>, <Person id:7472006[http] name:_Smokey Sims_>, <Person id:2172531[http] name:_Kent Sladyk_>, <Person id:9585308[http] name:_Marie Smalley_>, <Person id:10769177[http] name:_Nicholas Suech_>, <Person id:3258513[http] name:_Joe Symon_>, <Person id:3981130[http] name:_Luke Trevisan_>, <Person id:4183731[http] name:_Stephanie Lynn Wilson_>, <Person id:2969753[http] name:_Justin Michael Woods_>, <Person id:9056511[http] name:_James Wosochlo_>, <Person id:3866974[http] name:_Lauren Yaffe_>, <Person id:11820946[http] name:_Simonas Zmuidzinas_>]",32340.0
tt11762434,False,/umAoDwLZMBrYeCDfbJYFRMuXWAr.jpg,[878],681887,en,Cosmic Sin,"In the year 2524, four centuries after humans started colonizing the outer planets, retired General James Ford gets called back into service when a hostile alien fleet attacks soldiers on a remote planet. The threat against mankind soon escalates into an interstellar war as Ford and a team of elite soldiers try to stop the imminent attack before it's too late.",824.714,/6Wm7P6y22UZA40QuPYHyWyJ6leI.jpg,2021-03-12,Cosmic Sin,False,4.5,352,"In the year 2524, four centuries after humans started colonizing the outer planets, retired Gen. James Ford gets called back into service after a hostile alien fleet attacks soldiers on a remote planet. The threat against mankind soon escalates into an interstellar war as Ford and a team of elite soldiers try to stop the imminent attack before it's too late.",['88'],"['Action', 'Adventure', 'Sci-Fi']",['English'],"[<Company id:0554413[http] name:_308 Ent_>, <Company id:0474730[http] name:_BondIt Media Capital_>]","[<Person id:0342029[http] name:_Frank Grillo_>, <Person id:0000246[http] name:_Bruce Willis_>, <Person id:2344493[http] name:_Brandon Thomas Lee_>, <Person id:1143429[http] name:_Corey Large_>, <Person id:3307291[http] name:_C.J. Perry_>, <Person id:0716275[http] name:_Perrey Reeves_>, <Person id:0613147[http] name:_Lochlyn Munro_>, <Person id:0541908[http] name:_Costas Mandylor_>, <Person id:2961248[http] name:_Eva De Dominici_>, <Person id:2560043[http] name:_Adelaide Kane_>, <Person id:7595918[http] name:_Sarah May Sommers_>, <Person id:1539301[http] name:_Trevor Gretzky_>, <Person id:4027995[http] name:_Christian Hicks_>, <Person id:6682890[http] name:_Austin Humble_>, <Person id:11074938[http] name:_Mark Rhynard_>, <Person id:3714658[http] name:_Robert Laenen_>, <Person id:9335098[http] name:_Trevor Brotherton_>, <Person id:3388872[http] name:_Eric Buarque_>, <Person id:11728913[http] name:_Everly Large_>, <Person id:6530530[http] name:_Tabitha Woodman_>, <Person id:7281912[http] name:_Francis Cronin_>, <Person id:2184115[http] name:_Dez_>, <Person id:11828140[http] name:_Angelina Garcia_>, <Person id:11231471[http] name:_Christina R Gregg_>, <Person id:0582257[http] name:_Johnny Messner_>, <Person id:11412170[http] name:_Jessica Mulkey_>, <Person id:7468028[http] name:_Eric Daniel Stumpp_>, <Person id:10167323[http] name:_Alzie Williams_>, <Person id:11823671[http] name:_Michelle L. Williams_>]",10788.0
tt11832046,False,/mtRW6eAwOO27h3zrfU2foQFW7Hg.jpg,"[16, 10751, 12, 35]",675445,en,PAW Patrol: The Movie,Ryder and the pups are called to Adventure City to stop Mayor Humdinger from turning the bustling metropolis into a state of chaos.,796.625,/ic0intvXZSfBlYPIvWXpU1ivUCO.jpg,2021-08-09,PAW Patrol: The Movie,False,7.7,647,,,,,,,
